SALESORDERID,CREATEDBY,CREATEDAT,CHANGEDBY,CHANGEDAT,FISCVARIANT,FISCALYEARPERIOD,NOTEID,PARTNERID,SALESORG,CURRENCY,GROSSAMOUNT,NETAMOUNT,TAXAMOUNT,LIFECYCLESTATUS,BILLINGSTATUS,DELIVERYSTATUS
0500000111,0000000005,2018-06-12,0000000005,2018-06-16,K4,2018006,,0100000020,APJ,USD,71749.00,62780.45,8968.37,C,C,C
0500000360,0000000006,2019-06-07,0000000006,2019-06-11,K4,2019006,,0100000006,EMEA,USD,56901.00,49788.27,7112.53,C,C,C
0500000112,0000000008,2018-06-13,0000000008,2018-06-18,K4,2018006,,0100000036,EMEA,USD,35849.00,31367.82,4481.02,C,C,C
0500000361,0000000009,2019-06-09,0000000009,2019-06-10,K4,2019006,,0100000034,AMER,USD,179084.00,156698.61,22385.39,C,C,C
0500000113,0000000002,2018-06-14,0000000002,2018-06-19,K4,2018006,,0100000035,EMEA,USD,47593.00,41643.86,5949.09,C,C,C
0500000362,0000000006,2019-06-12,0000000006,2019-06-16,K4,2019006,,0100000029,EMEA,USD,68898.00,60285.80,8612.07,C,C,C
0500000114,0000000001,2018-06-15,0000000001,2018-06-16,K4,2018006,,0100000003,AMER,USD,44286.00,38750.29,5535.70,C,C,C
0500000363,0000000004,2019-06-13,0000000004,2019-06-17,K4,2019006,,0100000023,APJ,USD,62756.00,54911.59,7844.39,C,C,C
0500000115,0000000006,2018-06-15,0000000006,2018-06-16,K4,2018006,,0100000028,EMEA,USD,6791.00,5942.13,848.87,C,C,C
0500000364,0000000013,2019-06-13,0000000013,2019-06-16,K4,2019006,,0100000031,AMER,USD,27073.00,23688.90,3384.03,C,C,C
0500000116,0000000011,2018-06-18,0000000011,2018-06-20,K4,2018006,,0100000004,AMER,USD,55311.00,48397.10,6913.80,C,C,C
0500000365,0000000004,2019-06-16,0000000004,2019-06-20,K4,2019006,,0100000022,APJ,USD,79051.00,69169.60,9881.25,C,C,C
0500000225,0000000012,2018-11-29,0000000012,2018-12-01,K4,2018011,,0100000032,AMER,USD,58536.00,51219.10,7316.90,C,C,C
0500000117,0000000007,2018-06-20,0000000007,2018-06-22,K4,2018006,,0100000033,AMER,USD,109949.00,96205.26,13743.55,C,C,C
0500000000,0000000004,2018-01-08,0000000004,2018-01-11,K4,2018001,,0100000017,APJ,USD,111779.00,97806.68,13972.32,C,C,C
0500000366,0000000012,2019-06-17,0000000012,2019-06-22,K4,2019006,,0100000003,AMER,USD,74528.00,65212.04,9315.90,C,C,C
0500000118,0000000003,2018-06-21,0000000003,2018-06-23,K4,2018006,,0100000026,EMEA,USD,6291.00,5504.58,786.33,C,C,C
0500000226,0000000008,2018-11-29,0000000008,2018-12-04,K4,2018011,,0100000005,EMEA,USD,56005.00,49004.29,7000.57,C,C,C
0500000367,0000000001,2019-06-19,0000000001,2019-06-21,K4,2019006,,0100000030,AMER,USD,73588.00,64389.45,9198.38,C,C,C
0500000227,0000000004,2018-12-02,0000000004,2018-12-05,K4,2018012,,0100000022,APJ,USD,17272.00,15113.00,2159.00,C,C,C
0500000119,0000000002,2018-06-24,0000000002,2018-06-26,K4,2018006,,0100000026,EMEA,USD,85414.00,74737.29,10676.62,C,C,C
0500000001,0000000013,2018-01-08,0000000013,2018-01-13,K4,2018001,,0100000030,AMER,USD,36290.00,31753.79,4536.21,C,C,C
0500000368,0000000002,2019-06-19,0000000002,2019-06-21,K4,2019006,,0100000038,EMEA,USD,2398.00,2098.26,299.74,C,C,C
0500000228,0000000006,2018-12-04,0000000006,2018-12-08,K4,2018012,,0100000036,EMEA,USD,2845.00,2489.35,355.65,C,C,C
0500000120,0000000008,2018-06-25,0000000008,2018-06-30,K4,2018006,,0100000037,EMEA,USD,66024.00,57771.00,8252.90,C,C,C
0500000002,0000000006,2018-01-09,0000000006,2018-01-14,K4,2018001,,0100000029,EMEA,USD,17714.00,15499.72,2214.20,C,C,C
0500000369,0000000004,2019-06-20,0000000004,2019-06-25,K4,2019006,,0100000023,APJ,USD,58996.00,51621.46,7374.47,C,C,C
0500000229,0000000004,2018-12-07,0000000004,2018-12-09,K4,2018012,,0100000022,APJ,USD,22247.00,19466.04,2780.79,C,C,C
0500000121,0000000002,2018-06-27,0000000002,2018-07-02,K4,2018006,,0100000012,EMEA,USD,2233.00,1953.84,279.16,C,C,C
0500000003,0000000001,2018-01-09,0000000001,2018-01-13,K4,2018001,,0100000003,AMER,USD,28854.00,25247.24,3606.65,C,C,C
0500000370,0000000004,2019-06-21,0000000004,2019-06-26,K4,2019006,,0100000023,APJ,USD,167343.00,146425.12,20917.78,C,C,C
0500000230,0000000004,2018-12-07,0000000004,2018-12-08,K4,2018012,,0100000019,APJ,USD,98680.00,86344.95,12334.98,C,C,C
0500000122,0000000001,2018-06-30,0000000001,2018-07-01,K4,2018006,,0100000000,AMER,USD,3597.00,3147.36,449.61,C,C,C
0500000004,0000000010,2018-01-12,0000000010,2018-01-13,K4,2018001,,0100000003,AMER,USD,79392.00,69467.92,9923.86,C,C,C
0500000371,0000000010,2019-06-23,0000000010,2019-06-24,K4,2019006,,0100000034,AMER,USD,13491.00,11804.67,1686.33,C,C,C
0500000231,0000000006,2018-12-07,0000000006,2018-12-10,K4,2018012,,0100000008,EMEA,USD,23841.00,20860.83,2980.08,C,C,C
0500000123,0000000014,2018-07-01,0000000014,2018-07-06,K4,2018007,,0100000034,AMER,USD,101771.00,89049.61,12721.29,C,C,C
0500000372,0000000002,2019-06-23,0000000002,2019-06-25,K4,2019006,,0100000008,EMEA,USD,83004.00,72628.51,10375.46,C,C,C
0500000005,0000000003,2018-01-12,0000000003,2018-01-13,K4,2018001,,0100000028,EMEA,USD,73859.00,64626.62,9232.24,C,C,C
0500000124,0000000008,2018-07-01,0000000008,2018-07-04,K4,2018007,,0100000038,EMEA,USD,42180.00,36907.48,5272.52,C,C,C
0500000232,0000000008,2018-12-09,0000000008,2018-12-13,K4,2018012,,0100000038,EMEA,USD,44994.00,39369.78,5624.22,C,C,C
0500000373,0000000014,2019-06-23,0000000014,2019-06-25,K4,2019006,,0100000004,AMER,USD,12094.00,10582.26,1511.72,C,C,C
0500000006,0000000008,2018-01-14,0000000008,2018-01-17,K4,2018001,,0100000028,EMEA,USD,76471.00,66912.17,9558.78,C,C,C
0500000125,0000000008,2018-07-02,0000000008,2018-07-05,K4,2018007,,0100000013,EMEA,USD,105203.00,92052.60,13150.34,C,C,C
0500000233,0000000011,2018-12-09,0000000011,2018-12-14,K4,2018012,,0100000030,AMER,USD,32193.00,28168.91,4024.09,C,C,C
0500000374,0000000003,2019-06-24,0000000003,2019-06-28,K4,2019006,,0100000037,EMEA,USD,10445.00,9139.32,1305.68,C,C,C
0500000007,0000000003,2018-01-16,0000000003,2018-01-18,K4,2018001,,0100000036,EMEA,USD,45198.00,39548.17,5649.57,C,C,C
0500000126,0000000008,2018-07-02,0000000008,2018-07-07,K4,2018007,,0100000013,EMEA,USD,10741.00,9398.33,1342.63,C,C,C
0500000234,0000000008,2018-12-09,0000000008,2018-12-12,K4,2018012,,0100000028,EMEA,USD,40519.00,35454.02,5064.89,C,C,C
0500000375,0000000002,2019-06-24,0000000002,2019-06-27,K4,2019006,,0100000008,EMEA,USD,138851.00,121494.73,17356.21,C,C,C
0500000008,0000000003,2018-01-17,0000000003,2018-01-21,K4,2018001,,0100000028,EMEA,USD,2625.00,2296.85,328.10,C,C,C
0500000127,0000000004,2018-07-04,0000000004,2018-07-06,K4,2018007,,0100000021,APJ,USD,19489.00,17052.88,2436.07,C,C,C
0500000376,0000000008,2019-06-24,0000000008,2019-06-25,K4,2019006,,0100000039,EMEA,USD,60359.00,52813.98,7545.02,C,C,C
0500000235,0000000011,2018-12-12,0000000011,2018-12-15,K4,2018012,,0100000031,AMER,USD,161281.00,141121.11,20159.89,C,C,C
0500000128,0000000003,2018-07-06,0000000003,2018-07-09,K4,2018007,,0100000011,EMEA,USD,115082.00,100696.72,14385.25,C,C,C
0500000009,0000000008,2018-01-17,0000000008,2018-01-19,K4,2018001,,0100000007,EMEA,USD,80991.00,70867.07,10123.63,C,C,C
0500000377,0000000005,2019-06-27,0000000005,2019-07-01,K4,2019006,,0100000021,APJ,USD,54590.00,47766.30,6823.70,C,C,C
0500000236,0000000006,2018-12-13,0000000006,2018-12-14,K4,2018012,,0100000007,EMEA,USD,40916.00,35801.28,5114.39,C,C,C
0500000129,0000000002,2018-07-07,0000000002,2018-07-09,K4,2018007,,0100000038,EMEA,USD,20807.00,18206.11,2600.76,C,C,C
0500000010,0000000008,2018-01-17,0000000008,2018-01-20,K4,2018001,,0100000025,EMEA,USD,34909.00,30545.31,4363.61,C,C,C
0500000378,0000000009,2019-06-27,0000000009,2019-06-29,K4,2019006,,0100000034,AMER,USD,13491.00,11804.67,1686.33,C,C,C
0500000237,0000000012,2018-12-16,0000000012,2018-12-18,K4,2018012,,0100000034,AMER,USD,19194.00,16794.70,2399.20,C,C,C
0500000130,0000000003,2018-07-08,0000000003,2018-07-12,K4,2018007,,0100000010,EMEA,USD,94243.00,82462.67,11780.30,C,C,C
0500000011,0000000012,2018-01-18,0000000012,2018-01-23,K4,2018001,,0100000002,AMER,USD,77279.00,67619.15,9659.85,C,C,C
0500000379,0000000005,2019-06-28,0000000005,2019-06-29,K4,2019006,,0100000022,APJ,USD,84397.00,73847.35,10549.61,C,C,C
0500000238,0000000008,2018-12-17,0000000008,2018-12-20,K4,2018012,,0100000038,EMEA,USD,107920.00,94429.98,13489.99,C,C,C
0500000131,0000000001,2018-07-09,0000000001,2018-07-13,K4,2018007,,0100000003,AMER,USD,85711.00,74997.10,10713.80,C,C,C
0500000012,0000000008,2018-01-21,0000000008,2018-01-26,K4,2018001,,0100000008,EMEA,USD,37888.00,33152.02,4735.94,C,C,C
0500000380,0000000009,2019-06-28,0000000009,2019-07-03,K4,2019006,,0100000033,AMER,USD,56794.00,49694.78,7099.22,C,C,C
0500000239,0000000006,2018-12-18,0000000006,2018-12-21,K4,2018012,,0100000011,EMEA,USD,95199.00,83299.26,11899.72,C,C,C
0500000132,0000000009,2018-07-11,0000000009,2018-07-15,K4,2018007,,0100000031,AMER,USD,63505.00,55566.90,7937.99,C,C,C
0500000013,0000000003,2018-01-23,0000000003,2018-01-28,K4,2018001,,0100000037,EMEA,USD,92405.00,80854.27,11550.49,C,C,C
0500000240,0000000002,2018-12-19,0000000002,2018-12-22,K4,2018012,,0100000026,EMEA,USD,40522.00,35456.78,5065.22,C,C,C
0500000014,0000000006,2018-01-25,0000000006,2018-01-29,K4,2018001,,0100000009,EMEA,USD,34524.00,30208.46,4315.46,C,C,C
0500000381,0000000011,2019-06-29,0000000011,2019-07-04,K4,2019006,,0100000003,AMER,USD,39081.00,34195.80,4884.99,C,C,C
0500000241,0000000008,2018-12-19,0000000008,2018-12-21,K4,2018012,,0100000027,EMEA,USD,59377.00,51954.77,7422.10,C,C,C
0500000133,0000000002,2018-07-14,0000000002,2018-07-15,K4,2018007,,0100000008,EMEA,USD,47463.00,41530.04,5932.87,C,C,C
0500000015,0000000005,2018-01-27,0000000005,2018-02-01,K4,2018001,,0100000022,APJ,USD,87746.00,76777.78,10968.22,C,C,C
0500000382,0000000008,2019-06-29,0000000008,2019-07-04,K4,2019006,,0100000036,EMEA,USD,69692.00,60980.53,8711.46,C,C,C
0500000242,0000000003,2018-12-19,0000000003,2018-12-21,K4,2018012,,0100000025,EMEA,USD,11488.00,10052.00,1436.00,C,C,C
0500000134,0000000008,2018-07-15,0000000008,2018-07-16,K4,2018007,,0100000035,EMEA,USD,44885.00,39274.37,5610.55,C,C,C
0500000016,0000000014,2018-01-27,0000000014,2018-01-28,K4,2018001,,0100000034,AMER,USD,7194.00,6294.78,899.22,C,C,C
0500000383,0000000005,2019-06-30,0000000005,2019-07-02,K4,2019006,,0100000020,APJ,USD,71221.00,62318.42,8902.51,C,C,C
0500000243,0000000008,2018-12-20,0000000008,2018-12-24,K4,2018012,,0100000039,EMEA,USD,4326.00,3785.22,540.72,C,C,C
0500000135,0000000007,2018-07-17,0000000007,2018-07-22,K4,2018007,,0100000000,AMER,USD,190246.00,166465.33,23780.58,C,C,C
0500000017,0000000008,2018-01-27,0000000008,2018-01-29,K4,2018001,,0100000036,EMEA,USD,9888.00,8652.01,1235.99,C,C,C
0500000384,0000000006,2019-06-30,0000000006,2019-07-02,K4,2019006,,0100000009,EMEA,USD,20431.00,17877.12,2553.88,C,C,C
0500000244,0000000012,2018-12-22,0000000012,2018-12-24,K4,2018012,,0100000031,AMER,USD,91602.00,80151.76,11450.09,C,C,C
0500000136,0000000008,2018-07-19,0000000008,2018-07-21,K4,2018007,,0100000028,EMEA,USD,20134.00,17617.22,2516.78,C,C,C
0500000018,0000000004,2018-01-29,0000000004,2018-01-30,K4,2018001,,0100000021,APJ,USD,14596.00,12771.46,1824.45,C,C,C
0500000385,0000000008,2019-07-02,0000000008,2019-07-07,K4,2019007,,0100000006,EMEA,USD,70082.00,61321.74,8760.22,C,C,C
0500000245,0000000005,2018-12-22,0000000005,2018-12-25,K4,2018012,,0100000022,APJ,USD,30717.00,26877.43,3839.57,C,C,C
0500000137,0000000008,2018-07-22,0000000008,2018-07-24,K4,2018007,,0100000009,EMEA,USD,86405.00,75604.40,10800.56,C,C,C
0500000019,0000000004,2018-02-01,0000000004,2018-02-05,K4,2018002,,0100000015,APJ,USD,16885.00,14774.30,2110.63,C,C,C
0500000386,0000000004,2019-07-04,0000000004,2019-07-05,K4,2019007,,0100000015,APJ,USD,47882.00,41896.66,5985.14,C,C,C
0500000246,0000000005,2018-12-23,0000000005,2018-12-26,K4,2018012,,0100000019,APJ,USD,36751.00,32157.03,4593.73,C,C,C
0500000138,0000000005,2018-07-22,0000000005,2018-07-25,K4,2018007,,0100000016,APJ,USD,13011.00,11384.51,1626.30,C,C,C
0500000387,0000000006,2019-07-06,0000000006,2019-07-10,K4,2019007,,0100000014,EMEA,USD,2250.00,1968.75,281.25,C,C,C
0500000020,0000000014,2018-02-01,0000000014,2018-02-02,K4,2018002,,0100000030,AMER,USD,54590.00,47766.21,6823.72,C,C,C
0500000247,0000000006,2018-12-25,0000000006,2018-12-30,K4,2018012,,0100000037,EMEA,USD,37806.00,33080.15,4725.66,C,C,C
0500000139,0000000006,2018-07-22,0000000006,2018-07-27,K4,2018007,,0100000039,EMEA,USD,13682.00,11971.72,1710.28,C,C,C
0500000388,0000000001,2019-07-06,0000000001,2019-07-11,K4,2019007,,0100000030,AMER,USD,113183.00,99035.17,14147.79,C,C,C
0500000021,0000000004,2018-02-04,0000000004,2018-02-06,K4,2018002,,0100000016,APJ,USD,54990.00,48116.30,6873.70,C,C,C
0500000140,0000000002,2018-07-23,0000000002,2018-07-28,K4,2018007,,0100000009,EMEA,USD,100993.00,88368.84,12624.09,C,C,C
0500000248,0000000008,2018-12-25,0000000008,2018-12-28,K4,2018012,,0100000009,EMEA,USD,112040.00,98035.05,14004.89,C,C,C
0500000389,0000000003,2019-07-07,0000000003,2019-07-08,K4,2019007,,0100000028,EMEA,USD,53919.00,47179.13,6739.87,C,C,C
0500000022,0000000006,2018-02-05,0000000006,2018-02-07,K4,2018002,,0100000029,EMEA,USD,2373.00,2076.35,296.62,C,C,C
0500000141,0000000013,2018-07-23,0000000013,2018-07-24,K4,2018007,,0100000031,AMER,USD,21253.00,18596.37,2656.59,C,C,C
0500000249,0000000008,2018-12-25,0000000008,2018-12-29,K4,2018012,,0100000014,EMEA,USD,4440.00,3885.00,555.00,C,C,C
0500000390,0000000008,2019-07-10,0000000008,2019-07-13,K4,2019007,,0100000009,EMEA,USD,187887.00,164401.26,23485.66,C,C,C
0500000023,0000000010,2018-02-05,0000000010,2018-02-09,K4,2018002,,0100000031,AMER,USD,10046.00,8790.22,1255.71,C,C,C
0500000142,0000000005,2018-07-24,0000000005,2018-07-28,K4,2018007,,0100000016,APJ,USD,16993.00,14868.87,2124.09,C,C,C
0500000250,0000000005,2018-12-28,0000000005,2019-01-01,K4,2018012,,0100000024,APJ,USD,70973.00,62101.41,8871.59,C,C,C
0500000391,0000000005,2019-07-12,0000000005,2019-07-17,K4,2019007,,0100000016,APJ,USD,55381.00,48458.40,6922.53,C,C,C
0500000024,0000000002,2018-02-08,0000000002,2018-02-10,K4,2018002,,0100000027,EMEA,USD,80599.00,70524.20,10074.80,C,C,C
0500000143,0000000014,2018-07-25,0000000014,2018-07-29,K4,2018007,,0100000034,AMER,USD,11997.00,10497.39,1499.61,C,C,C
0500000251,0000000008,2018-12-28,0000000008,2018-12-31,K4,2018012,,0100000036,EMEA,USD,18582.00,16259.26,2322.66,C,C,C
0500000392,0000000002,2019-07-15,0000000002,2019-07-17,K4,2019007,,0100000028,EMEA,USD,43425.00,37996.81,5428.00,C,C,C
0500000025,0000000005,2018-02-11,0000000005,2018-02-14,K4,2018002,,0100000020,APJ,USD,108041.00,94535.81,13505.03,C,C,C
0500000144,0000000003,2018-07-25,0000000003,2018-07-29,K4,2018007,,0100000026,EMEA,USD,32000.00,28000.00,4000.00,C,C,C
0500000252,0000000001,2018-12-28,0000000001,2018-12-30,K4,2018012,,0100000031,AMER,USD,13599.00,11899.10,1699.90,C,C,C
0500000393,0000000010,2019-07-17,0000000010,2019-07-22,K4,2019007,,0100000030,AMER,USD,101072.00,88438.08,12633.86,C,C,C
0500000026,0000000009,2018-02-13,0000000009,2018-02-15,K4,2018002,,0100000030,AMER,USD,47865.00,41881.96,5983.02,C,C,C
0500000145,0000000003,2018-07-28,0000000003,2018-07-31,K4,2018007,,0100000037,EMEA,USD,81000.00,70875.00,10125.00,C,C,C
0500000394,0000000002,2019-07-19,0000000002,2019-07-21,K4,2019007,,0100000039,EMEA,USD,22188.00,19414.56,2773.44,C,C,C
0500000395,0000000008,2019-07-19,0000000008,2019-07-23,K4,2019007,,0100000039,EMEA,USD,19995.00,17495.65,2499.35,C,C,C
0500000146,0000000006,2018-07-31,0000000006,2018-08-01,K4,2018007,,0100000036,EMEA,USD,62839.00,54984.21,7854.79,C,C,C
0500000396,0000000004,2019-07-19,0000000004,2019-07-20,K4,2019007,,0100000021,APJ,USD,64112.00,56097.96,8013.89,C,C,C
0500000147,0000000012,2018-08-01,0000000012,2018-08-02,K4,2018008,,0100000031,AMER,USD,78773.00,68926.43,9846.49,C,C,C
0500000148,0000000009,2018-08-03,0000000009,2018-08-07,K4,2018008,,0100000002,AMER,USD,61179.00,53531.62,7647.33,C,C,C
0500000397,0000000003,2019-07-22,0000000003,2019-07-23,K4,2019007,,0100000029,EMEA,USD,86853.00,75996.30,10856.50,C,C,C
0500000398,0000000002,2019-07-22,0000000002,2019-07-23,K4,2019007,,0100000014,EMEA,USD,47505.00,41566.93,5937.94,C,C,C
0500000149,0000000008,2018-08-04,0000000008,2018-08-05,K4,2018008,,0100000029,EMEA,USD,194047.00,169791.28,24255.72,C,C,C
0500000150,0000000008,2018-08-06,0000000008,2018-08-11,K4,2018008,,0100000037,EMEA,USD,69400.00,60725.00,8675.00,C,C,C
0500000399,0000000001,2019-07-23,0000000001,2019-07-27,K4,2019007,,0100000032,AMER,USD,52122.00,45606.79,6515.11,C,C,C
0500000151,0000000003,2018-08-06,0000000003,2018-08-07,K4,2018008,,0100000013,EMEA,USD,7192.00,6292.96,898.96,C,C,C
0500000400,0000000002,2019-07-26,0000000002,2019-07-29,K4,2019007,,0100000027,EMEA,USD,69273.00,60613.80,8659.16,C,C,C
0500000152,0000000010,2018-08-09,0000000010,2018-08-11,K4,2018008,,0100000002,AMER,USD,42990.00,37616.24,5373.72,C,C,C
0500000401,0000000009,2019-07-26,0000000009,2019-07-31,K4,2019007,,0100000032,AMER,USD,108393.00,94843.85,13549.05,C,C,C
0500000153,0000000004,2018-08-09,0000000004,2018-08-12,K4,2018008,,0100000024,APJ,USD,15208.00,13306.91,1900.97,C,C,C
0500000402,0000000013,2019-07-29,0000000013,2019-07-30,K4,2019007,,0100000002,AMER,USD,74312.00,65023.02,9288.98,C,C,C
0500000154,0000000005,2018-08-12,0000000005,2018-08-15,K4,2018008,,0100000017,APJ,USD,10585.00,9261.87,1323.10,C,C,C
0500000403,0000000014,2019-07-31,0000000014,2019-08-02,K4,2019007,,0100000004,AMER,USD,13491.00,11804.67,1686.33,C,C,C
0500000253,0000000002,2018-12-29,0000000002,2019-01-02,K4,2018012,,0100000012,EMEA,USD,92377.00,80829.85,11547.08,C,C,C
0500000155,0000000003,2018-08-13,0000000003,2018-08-17,K4,2018008,,0100000013,EMEA,USD,22239.00,19459.15,2779.82,C,C,C
0500000404,0000000007,2019-08-02,0000000007,2019-08-07,K4,2019008,,0100000000,AMER,USD,4083.00,3572.64,510.36,C,C,C
0500000027,0000000004,2018-02-14,0000000004,2018-02-19,K4,2018002,,0100000021,APJ,USD,29643.00,25937.56,3705.31,C,C,C
0500000156,0000000004,2018-08-16,0000000004,2018-08-20,K4,2018008,,0100000024,APJ,USD,34415.00,30113.15,4301.85,C,C,C
0500000254,0000000014,2018-12-30,0000000014,2018-12-31,K4,2018012,,0100000001,AMER,USD,53665.00,46956.92,6708.08,C,C,C
0500000405,0000000003,2019-08-02,0000000003,2019-08-06,K4,2019008,,0100000028,EMEA,USD,112244.00,98213.44,14030.43,C,C,C
0500000028,0000000004,2018-02-17,0000000004,2018-02-21,K4,2018002,,0100000021,APJ,USD,44754.00,39159.66,5594.22,C,C,C
0500000157,0000000003,2018-08-18,0000000003,2018-08-21,K4,2018008,,0100000038,EMEA,USD,37975.00,33228.12,4746.78,C,C,C
0500000255,0000000007,2019-01-01,0000000007,2019-01-02,K4,2019001,,0100000002,AMER,USD,7191.00,6292.08,898.83,C,C,C
0500000406,0000000008,2019-08-02,0000000008,2019-08-04,K4,2019008,,0100000014,EMEA,USD,88499.00,77436.61,11062.35,C,C,C
0500000029,0000000006,2018-02-18,0000000006,2018-02-20,K4,2018002,,0100000005,EMEA,USD,96703.00,84615.03,12087.88,C,C,C
0500000158,0000000010,2018-08-19,0000000010,2018-08-20,K4,2018008,,0100000030,AMER,USD,18000.00,15750.00,2250.00,C,C,C
0500000256,0000000006,2019-01-02,0000000006,2019-01-06,K4,2019001,,0100000009,EMEA,USD,17939.00,15696.57,2242.39,C,C,C
0500000407,0000000014,2019-08-03,0000000014,2019-08-08,K4,2019008,,0100000001,AMER,USD,43200.00,37800.00,5400.00,C,C,C
0500000030,0000000002,2018-02-20,0000000002,2018-02-24,K4,2018002,,0100000028,EMEA,USD,174674.00,152839.68,21834.32,C,C,C
0500000159,0000000010,2018-08-20,0000000010,2018-08-21,K4,2018008,,0100000002,AMER,USD,19450.00,17018.72,2431.22,C,C,C
0500000257,0000000005,2019-01-05,0000000005,2019-01-10,K4,2019001,,0100000021,APJ,USD,38079.00,33319.04,4759.78,C,C,C
0500000408,0000000001,2019-08-04,0000000001,2019-08-05,K4,2019008,,0100000033,AMER,USD,107052.00,93670.50,13381.28,C,C,C
0500000409,0000000008,2019-08-04,0000000008,2019-08-07,K4,2019008,,0100000011,EMEA,USD,4588.00,4014.44,573.44,C,C,C
0500000258,0000000006,2019-01-08,0000000006,2019-01-09,K4,2019001,,0100000035,EMEA,USD,96763.00,84667.61,12095.39,C,C,C
0500000160,0000000006,2018-08-21,0000000006,2018-08-23,K4,2018008,,0100000012,EMEA,USD,86635.00,75805.64,10829.19,C,C,C
0500000031,0000000014,2018-02-20,0000000014,2018-02-23,K4,2018002,,0100000034,AMER,USD,91942.00,80449.22,11492.72,C,C,C
0500000410,0000000005,2019-08-06,0000000005,2019-08-10,K4,2019008,,0100000023,APJ,USD,156883.00,137272.71,19610.29,C,C,C
0500000259,0000000009,2019-01-08,0000000009,2019-01-12,K4,2019001,,0100000003,AMER,USD,64181.00,56158.41,8022.57,C,C,C
0500000161,0000000004,2018-08-22,0000000004,2018-08-26,K4,2018008,,0100000018,APJ,USD,58841.00,51485.77,7355.16,C,C,C
0500000032,0000000003,2018-02-21,0000000003,2018-02-26,K4,2018002,,0100000005,EMEA,USD,3000.00,2625.00,375.00,C,C,C
0500000411,0000000003,2019-08-09,0000000003,2019-08-11,K4,2019008,,0100000029,EMEA,USD,56386.00,49337.68,7048.30,C,C,C
0500000260,0000000004,2019-01-08,0000000004,2019-01-11,K4,2019001,,0100000015,APJ,USD,119496.00,104558.97,14936.98,C,C,C
0500000162,0000000011,2018-08-25,0000000011,2018-08-27,K4,2018008,,0100000000,AMER,USD,6537.00,5719.81,817.16,C,C,C
0500000033,0000000002,2018-02-22,0000000002,2018-02-23,K4,2018002,,0100000008,EMEA,USD,78151.00,68381.99,9768.72,C,C,C
0500000412,0000000012,2019-08-09,0000000012,2019-08-12,K4,2019008,,0100000004,AMER,USD,107570.00,94123.85,13446.15,C,C,C
0500000163,0000000006,2018-08-26,0000000006,2018-08-31,K4,2018008,,0100000008,EMEA,USD,88394.00,77344.67,11049.23,C,C,C
0500000261,0000000003,2019-01-08,0000000003,2019-01-10,K4,2019001,,0100000035,EMEA,USD,140605.00,123029.31,17575.50,C,C,C
0500000413,0000000008,2019-08-11,0000000008,2019-08-14,K4,2019008,,0100000037,EMEA,USD,68653.00,60071.38,8581.51,C,C,C
0500000034,0000000004,2018-02-24,0000000004,2018-02-27,K4,2018002,,0100000017,APJ,USD,47476.00,41541.57,5934.38,C,C,C
0500000164,0000000002,2018-08-29,0000000002,2018-09-03,K4,2018008,,0100000028,EMEA,USD,60610.00,53033.79,7576.21,C,C,C
0500000262,0000000012,2019-01-09,0000000012,2019-01-13,K4,2019001,,0100000004,AMER,USD,48775.00,42678.07,6096.84,C,C,C
0500000414,0000000008,2019-08-13,0000000008,2019-08-16,K4,2019008,,0100000027,EMEA,USD,15878.00,13893.14,1984.68,C,C,C
0500000035,0000000012,2018-02-27,0000000012,2018-03-04,K4,2018002,,0100000030,AMER,USD,72041.00,63035.81,9005.10,C,C,C
0500000165,0000000005,2018-08-30,0000000005,2018-09-03,K4,2018008,,0100000019,APJ,USD,37047.00,32416.14,4630.85,C,C,C
0500000263,0000000008,2019-01-11,0000000008,2019-01-13,K4,2019001,,0100000014,EMEA,USD,100413.00,87861.33,12551.44,C,C,C
0500000415,0000000005,2019-08-16,0000000005,2019-08-18,K4,2019008,,0100000022,APJ,USD,7500.00,6562.50,937.50,C,C,C
0500000036,0000000008,2018-03-02,0000000008,2018-03-07,K4,2018003,,0100000006,EMEA,USD,299.00,261.62,37.38,C,C,C
0500000166,0000000013,2018-09-02,0000000013,2018-09-04,K4,2018009,,0100000003,AMER,USD,71068.00,62184.52,8883.43,C,C,C
0500000264,0000000003,2019-01-14,0000000003,2019-01-16,K4,2019001,,0100000011,EMEA,USD,37345.00,32676.83,4668.12,C,C,C
0500000416,0000000009,2019-08-17,0000000009,2019-08-20,K4,2019008,,0100000033,AMER,USD,52697.00,46109.82,6587.00,C,C,C
0500000037,0000000006,2018-03-03,0000000006,2018-03-04,K4,2018003,,0100000036,EMEA,USD,47473.00,41538.85,5934.05,C,C,C
0500000167,0000000004,2018-09-05,0000000004,2018-09-08,K4,2018009,,0100000024,APJ,USD,2782.00,2434.21,347.78,C,C,C
0500000265,0000000006,2019-01-15,0000000006,2019-01-17,K4,2019001,,0100000005,EMEA,USD,96759.00,84664.20,12094.80,C,C,C
0500000417,0000000005,2019-08-19,0000000005,2019-08-20,K4,2019008,,0100000021,APJ,USD,379.00,331.62,47.38,C,C,C
0500000038,0000000009,2018-03-03,0000000009,2018-03-04,K4,2018003,,0100000034,AMER,USD,21625.00,18921.83,2703.07,C,C,C
0500000168,0000000012,2018-09-08,0000000012,2018-09-09,K4,2018009,,0100000034,AMER,USD,56145.00,49126.97,7018.03,C,C,C
0500000266,0000000002,2019-01-18,0000000002,2019-01-22,K4,2019001,,0100000011,EMEA,USD,68701.00,60113.30,8587.50,C,C,C
0500000418,0000000004,2019-08-21,0000000004,2019-08-24,K4,2019008,,0100000021,APJ,USD,40936.00,35819.05,5116.94,C,C,C
0500000039,0000000009,2018-03-03,0000000009,2018-03-04,K4,2018003,,0100000031,AMER,USD,18309.00,16020.36,2288.64,C,C,C
0500000169,0000000001,2018-09-09,0000000001,2018-09-12,K4,2018009,,0100000004,AMER,USD,25564.00,22368.47,3195.53,C,C,C
0500000267,0000000006,2019-01-19,0000000006,2019-01-23,K4,2019001,,0100000006,EMEA,USD,83144.00,72750.82,10392.94,C,C,C
0500000419,0000000013,2019-08-22,0000000013,2019-08-23,K4,2019008,,0100000034,AMER,USD,7192.00,6292.96,898.96,C,C,C
0500000040,0000000006,2018-03-03,0000000006,2018-03-07,K4,2018003,,0100000038,EMEA,USD,4521.00,3955.83,565.12,C,C,C
0500000170,0000000012,2018-09-10,0000000012,2018-09-15,K4,2018009,,0100000030,AMER,USD,76688.00,67101.96,9585.95,C,C,C
0500000268,0000000004,2019-01-19,0000000004,2019-01-22,K4,2019001,,0100000018,APJ,USD,14788.00,12939.48,1848.47,C,C,C
0500000420,0000000002,2019-08-25,0000000002,2019-08-28,K4,2019008,,0100000006,EMEA,USD,234330.00,205038.93,29290.99,C,C,C
0500000041,0000000004,2018-03-04,0000000004,2018-03-07,K4,2018003,,0100000017,APJ,USD,56321.00,49280.81,7039.98,C,C,C
0500000171,0000000002,2018-09-10,0000000002,2018-09-13,K4,2018009,,0100000009,EMEA,USD,97402.00,85226.82,12175.09,C,C,C
0500000421,0000000003,2019-08-27,0000000003,2019-08-29,K4,2019008,,0100000029,EMEA,USD,28473.00,24913.80,3559.00,C,C,C
0500000269,0000000008,2019-01-22,0000000008,2019-01-26,K4,2019001,,0100000013,EMEA,USD,114253.00,99971.36,14281.43,C,C,C
0500000172,0000000002,2018-09-10,0000000002,2018-09-13,K4,2018009,,0100000038,EMEA,USD,148253.00,129721.33,18531.63,C,C,C
0500000042,0000000002,2018-03-05,0000000002,2018-03-08,K4,2018003,,0100000012,EMEA,USD,35059.00,30676.57,4382.33,C,C,C
0500000422,0000000004,2019-08-30,0000000004,2019-08-31,K4,2019008,,0100000024,APJ,USD,17991.00,15742.17,2248.83,C,C,C
0500000270,0000000003,2019-01-22,0000000003,2019-01-23,K4,2019001,,0100000014,EMEA,USD,7990.00,6991.20,998.70,C,C,C
0500000173,0000000002,2018-09-13,0000000002,2018-09-17,K4,2018009,,0100000039,EMEA,USD,65444.00,57263.46,8180.39,C,C,C
0500000043,0000000008,2018-03-05,0000000008,2018-03-07,K4,2018003,,0100000036,EMEA,USD,51779.00,45306.68,6472.27,C,C,C
0500000423,0000000005,2019-08-31,0000000005,2019-09-03,K4,2019008,,0100000017,APJ,USD,26385.00,23086.89,3298.06,C,C,C
0500000271,0000000001,2019-01-25,0000000001,2019-01-28,K4,2019001,,0100000034,AMER,USD,94214.00,82437.19,11776.75,C,C,C
0500000174,0000000003,2018-09-15,0000000003,2018-09-17,K4,2018009,,0100000010,EMEA,USD,22959.00,20089.10,2869.87,C,C,C
0500000044,0000000007,2018-03-06,0000000007,2018-03-11,K4,2018003,,0100000031,AMER,USD,59984.00,52486.06,7497.93,C,C,C
0500000424,0000000014,2019-09-01,0000000014,2019-09-04,K4,2019009,,0100000033,AMER,USD,2884.00,2523.48,360.48,C,C,C
0500000272,0000000014,2019-01-27,0000000014,2019-01-29,K4,2019001,,0100000034,AMER,USD,49085.00,42949.40,6135.58,C,C,C
0500000175,0000000013,2018-09-17,0000000013,2018-09-22,K4,2018009,,0100000030,AMER,USD,66868.00,58509.42,8358.41,C,C,C
0500000045,0000000008,2018-03-07,0000000008,2018-03-08,K4,2018003,,0100000013,EMEA,USD,1598.00,1398.24,199.74,C,C,C
0500000425,0000000004,2019-09-03,0000000004,2019-09-07,K4,2019009,,0100000021,APJ,USD,128142.00,112124.31,16017.63,C,C,C
0500000176,0000000006,2018-09-19,0000000006,2018-09-23,K4,2018009,,0100000011,EMEA,USD,100869.00,88260.31,12608.51,C,C,C
0500000273,0000000008,2019-01-27,0000000008,2019-01-28,K4,2019001,,0100000028,EMEA,USD,64631.00,56552.09,8078.74,C,C,C
0500000426,0000000005,2019-09-03,0000000005,2019-09-08,K4,2019009,,0100000020,APJ,USD,46254.00,40472.26,5781.74,C,C,C
0500000046,0000000003,2018-03-09,0000000003,2018-03-14,K4,2018003,,0100000013,EMEA,USD,14994.00,13119.78,1874.22,C,C,C
0500000177,0000000004,2018-09-21,0000000004,2018-09-23,K4,2018009,,0100000020,APJ,USD,81591.00,71392.11,10198.75,C,C,C
0500000274,0000000003,2019-01-30,0000000003,2019-02-03,K4,2019001,,0100000012,EMEA,USD,119158.00,104263.27,14894.73,C,C,C
0500000427,0000000012,2019-09-06,0000000012,2019-09-07,K4,2019009,,0100000001,AMER,USD,22008.00,19256.92,2750.99,C,C,C
0500000047,0000000010,2018-03-09,0000000010,2018-03-11,K4,2018003,,0100000000,AMER,USD,21355.00,18685.66,2669.34,C,C,C
0500000178,0000000004,2018-09-24,0000000004,2018-09-28,K4,2018009,,0100000015,APJ,USD,15382.00,13459.25,1922.75,C,C,C
0500000275,0000000004,2019-01-31,0000000004,2019-02-01,K4,2019001,,0100000016,APJ,USD,106084.00,92823.67,13260.33,C,C,C
0500000428,0000000012,2019-09-06,0000000012,2019-09-10,K4,2019009,,0100000002,AMER,USD,32762.00,28666.76,4095.24,C,C,C
0500000048,0000000003,2018-03-12,0000000003,2018-03-16,K4,2018003,,0100000036,EMEA,USD,43358.00,37938.13,5419.61,C,C,C
0500000179,0000000005,2018-09-25,0000000005,2018-09-30,K4,2018009,,0100000021,APJ,USD,61327.00,53661.03,7665.80,C,C,C
0500000276,0000000006,2019-02-02,0000000006,2019-02-03,K4,2019002,,0100000014,EMEA,USD,59468.00,52034.52,7433.44,C,C,C
0500000429,0000000001,2019-09-09,0000000001,2019-09-10,K4,2019009,,0100000002,AMER,USD,43989.00,38490.36,5498.57,C,C,C
0500000180,0000000010,2018-09-25,0000000010,2018-09-27,K4,2018009,,0100000003,AMER,USD,80402.00,70351.76,10050.11,C,C,C
0500000049,0000000005,2018-03-12,0000000005,2018-03-13,K4,2018003,,0100000023,APJ,USD,68962.00,60341.75,8620.06,C,C,C
0500000430,0000000007,2019-09-12,0000000007,2019-09-13,K4,2019009,,0100000034,AMER,USD,80653.00,70571.38,10081.58,C,C,C
0500000277,0000000008,2019-02-03,0000000008,2019-02-04,K4,2019002,,0100000037,EMEA,USD,2093.00,1831.34,261.66,C,C,C
0500000181,0000000003,2018-09-25,0000000003,2018-09-27,K4,2018009,,0100000007,EMEA,USD,79043.00,69162.69,9880.31,C,C,C
0500000050,0000000009,2018-03-12,0000000009,2018-03-15,K4,2018003,,0100000002,AMER,USD,76684.00,67098.52,9585.44,C,C,C
0500000431,0000000003,2019-09-15,0000000003,2019-09-19,K4,2019009,,0100000005,EMEA,USD,9788.00,8564.45,1223.44,C,C,C
0500000278,0000000004,2019-02-03,0000000004,2019-02-06,K4,2019002,,0100000015,APJ,USD,3995.00,3495.60,499.35,C,C,C
0500000182,0000000001,2018-09-25,0000000001,2018-09-27,K4,2018009,,0100000003,AMER,USD,48469.00,42410.39,6058.57,C,C,C
0500000051,0000000002,2018-03-13,0000000002,2018-03-17,K4,2018003,,0100000026,EMEA,USD,65053.00,56921.22,8131.61,C,C,C
0500000432,0000000011,2019-09-16,0000000011,2019-09-21,K4,2019009,,0100000003,AMER,USD,48167.00,42146.10,6020.73,C,C,C
0500000279,0000000006,2019-02-05,0000000006,2019-02-09,K4,2019002,,0100000035,EMEA,USD,6042.00,5286.71,755.22,C,C,C
0500000183,0000000001,2018-09-27,0000000001,2018-09-29,K4,2018009,,0100000031,AMER,USD,115827.00,101348.65,14478.26,C,C,C
0500000052,0000000004,2018-03-15,0000000004,2018-03-17,K4,2018003,,0100000017,APJ,USD,2143.00,1875.09,267.84,C,C,C
0500000433,0000000010,2019-09-18,0000000010,2019-09-23,K4,2019009,,0100000003,AMER,USD,2598.00,2273.26,324.74,C,C,C
0500000184,0000000009,2018-09-27,0000000009,2018-10-02,K4,2018009,,0100000033,AMER,USD,2625.00,2296.85,328.10,C,C,C
0500000434,0000000003,2019-09-19,0000000003,2019-09-24,K4,2019009,,0100000028,EMEA,USD,11316.00,9901.42,1414.42,C,C,C
0500000185,0000000008,2018-09-29,0000000008,2018-10-02,K4,2018009,,0100000027,EMEA,USD,64895.00,56783.17,8111.80,C,C,C
0500000435,0000000006,2019-09-19,0000000006,2019-09-21,K4,2019009,,0100000036,EMEA,USD,168346.00,147302.78,21043.14,C,C,C
0500000280,0000000003,2019-02-07,0000000003,2019-02-09,K4,2019002,,0100000006,EMEA,USD,19491.00,17054.61,2436.33,C,C,C
0500000186,0000000005,2018-10-01,0000000005,2018-10-02,K4,2018010,,0100000021,APJ,USD,9750.00,8531.25,1218.75,C,C,C
0500000053,0000000003,2018-03-15,0000000003,2018-03-20,K4,2018003,,0100000037,EMEA,USD,124025.00,108521.75,15502.92,C,C,C
0500000436,0000000008,2019-09-21,0000000008,2019-09-22,K4,2019009,,0100000005,EMEA,USD,33757.00,29537.40,4219.52,C,C,C
0500000281,0000000005,2019-02-08,0000000005,2019-02-12,K4,2019002,,0100000023,APJ,USD,69704.00,60991.05,8712.88,C,C,C
0500000187,0000000003,2018-10-02,0000000003,2018-10-07,K4,2018010,,0100000005,EMEA,USD,22939.00,20071.61,2867.32,C,C,C
0500000054,0000000005,2018-03-15,0000000005,2018-03-18,K4,2018003,,0100000018,APJ,USD,55876.00,48891.54,6984.40,C,C,C
0500000437,0000000005,2019-09-21,0000000005,2019-09-22,K4,2019009,,0100000015,APJ,USD,32280.00,28244.99,4034.90,C,C,C
0500000282,0000000006,2019-02-10,0000000006,2019-02-15,K4,2019002,,0100000025,EMEA,USD,54029.00,47275.30,6753.63,C,C,C
0500000188,0000000005,2018-10-05,0000000005,2018-10-06,K4,2018010,,0100000020,APJ,USD,74817.00,65464.90,9352.01,C,C,C
0500000055,0000000003,2018-03-16,0000000003,2018-03-18,K4,2018003,,0100000035,EMEA,USD,100463.00,87905.18,12557.81,C,C,C
0500000438,0000000005,2019-09-22,0000000005,2019-09-26,K4,2019009,,0100000015,APJ,USD,4490.00,3928.70,561.30,C,C,C
0500000283,0000000005,2019-02-12,0000000005,2019-02-13,K4,2019002,,0100000016,APJ,USD,128468.00,112409.51,16058.45,C,C,C
0500000189,0000000004,2018-10-05,0000000004,2018-10-08,K4,2018010,,0100000017,APJ,USD,92308.00,80769.63,11538.31,C,C,C
0500000439,0000000006,2019-09-22,0000000006,2019-09-26,K4,2019009,,0100000009,EMEA,USD,84653.00,74071.43,10581.54,C,C,C
0500000056,0000000008,2018-03-19,0000000008,2018-03-20,K4,2018003,,0100000027,EMEA,USD,42823.00,37470.15,5352.85,C,C,C
0500000190,0000000006,2018-10-07,0000000006,2018-10-10,K4,2018010,,0100000012,EMEA,USD,155178.00,135780.79,19397.05,C,C,C
0500000284,0000000002,2019-02-14,0000000002,2019-02-17,K4,2019002,,0100000036,EMEA,USD,38813.00,33961.36,4851.63,C,C,C
0500000440,0000000006,2019-09-24,0000000006,2019-09-28,K4,2019009,,0100000014,EMEA,USD,66717.00,58377.44,8339.52,C,C,C
0500000057,0000000011,2018-03-22,0000000011,2018-03-27,K4,2018003,,0100000033,AMER,USD,48277.00,42242.35,6034.65,C,C,C
0500000191,0000000005,2018-10-09,0000000005,2018-10-13,K4,2018010,,0100000019,APJ,USD,59724.00,52258.52,7465.42,C,C,C
0500000285,0000000005,2019-02-16,0000000005,2019-02-17,K4,2019002,,0100000023,APJ,USD,56263.00,49230.08,7032.82,C,C,C
0500000441,0000000002,2019-09-27,0000000002,2019-10-02,K4,2019009,,0100000008,EMEA,USD,150068.00,131309.62,18758.34,C,C,C
0500000058,0000000002,2018-03-24,0000000002,2018-03-26,K4,2018003,,0100000010,EMEA,USD,2499.00,2186.63,312.37,C,C,C
0500000192,0000000008,2018-10-11,0000000008,2018-10-13,K4,2018010,,0100000027,EMEA,USD,69723.00,61007.58,8715.28,C,C,C
0500000286,0000000005,2019-02-16,0000000005,2019-02-18,K4,2019002,,0100000015,APJ,USD,67297.00,58884.89,8412.11,C,C,C
0500000442,0000000010,2019-09-28,0000000010,2019-10-03,K4,2019009,,0100000030,AMER,USD,6846.00,5990.24,855.76,C,C,C
0500000059,0000000002,2018-03-24,0000000002,2018-03-29,K4,2018003,,0100000038,EMEA,USD,47748.00,41779.55,5968.42,C,C,C
0500000193,0000000002,2018-10-11,0000000002,2018-10-15,K4,2018010,,0100000027,EMEA,USD,56238.00,49208.30,7029.66,C,C,C
0500000287,0000000003,2019-02-16,0000000003,2019-02-21,K4,2019002,,0100000010,EMEA,USD,66959.00,58589.08,8369.85,C,C,C
0500000443,0000000003,2019-09-30,0000000003,2019-10-04,K4,2019009,,0100000007,EMEA,USD,63449.00,55517.87,7931.12,C,C,C
0500000060,0000000010,2018-03-26,0000000010,2018-03-29,K4,2018003,,0100000034,AMER,USD,80934.00,70817.17,10116.57,C,C,C
0500000194,0000000011,2018-10-11,0000000011,2018-10-16,K4,2018010,,0100000000,AMER,USD,79647.00,69691.24,9955.76,C,C,C
0500000288,0000000012,2019-02-17,0000000012,2019-02-19,K4,2019002,,0100000031,AMER,USD,28800.00,25200.00,3600.00,C,C,C
0500000444,0000000008,2019-10-03,0000000008,2019-10-04,K4,2019010,,0100000027,EMEA,USD,100807.00,88206.12,12600.68,C,C,C
0500000061,0000000003,2018-03-29,0000000003,2018-03-30,K4,2018003,,0100000039,EMEA,USD,104680.00,91595.02,13084.88,C,C,C
0500000195,0000000006,2018-10-13,0000000006,2018-10-14,K4,2018010,,0100000006,EMEA,USD,104940.00,91822.53,13117.34,C,C,C
0500000289,0000000003,2019-02-17,0000000003,2019-02-20,K4,2019002,,0100000009,EMEA,USD,13631.00,11927.11,1703.89,C,C,C
0500000445,0000000001,2019-10-06,0000000001,2019-10-09,K4,2019010,,0100000034,AMER,USD,67231.00,58827.22,8403.78,C,C,C
0500000196,0000000008,2018-10-14,0000000008,2018-10-19,K4,2018010,,0100000006,EMEA,USD,69320.00,60654.99,8664.86,C,C,C
0500000062,0000000006,2018-04-01,0000000006,2018-04-04,K4,2018004,,0100000009,EMEA,USD,53202.00,46551.74,6650.26,C,C,C
0500000446,0000000004,2019-10-06,0000000004,2019-10-11,K4,2019010,,0100000023,APJ,USD,11707.00,10243.51,1463.40,C,C,C
0500000290,0000000002,2019-02-17,0000000002,2019-02-22,K4,2019002,,0100000028,EMEA,USD,128527.00,112461.14,16065.70,C,C,C
0500000447,0000000004,2019-10-08,0000000004,2019-10-10,K4,2019010,,0100000021,APJ,USD,81026.00,70897.63,10128.23,C,C,C
0500000063,0000000005,2018-04-03,0000000005,2018-04-06,K4,2018004,,0100000020,APJ,USD,168878.00,147768.30,21109.70,C,C,C
0500000448,0000000003,2019-10-10,0000000003,2019-10-13,K4,2019010,,0100000036,EMEA,USD,30625.00,26796.79,3828.06,C,C,C
0500000291,0000000004,2019-02-19,0000000004,2019-02-22,K4,2019002,,0100000022,APJ,USD,5500.00,4812.50,687.50,C,C,C
0500000449,0000000008,2019-10-11,0000000008,2019-10-13,K4,2019010,,0100000005,EMEA,USD,37905.00,33166.81,4738.08,C,C,C
0500000064,0000000006,2018-04-06,0000000006,2018-04-07,K4,2018004,,0100000037,EMEA,USD,1914.00,1674.72,239.28,C,C,C
0500000197,0000000002,2018-10-14,0000000002,2018-10-15,K4,2018010,,0100000009,EMEA,USD,74615.00,65288.23,9326.70,C,C,C
0500000292,0000000005,2019-02-21,0000000005,2019-02-26,K4,2019002,,0100000024,APJ,USD,36275.00,31740.62,4534.31,C,C,C
0500000450,0000000004,2019-10-13,0000000004,2019-10-15,K4,2019010,,0100000015,APJ,USD,49119.00,42979.13,6139.83,C,C,C
0500000065,0000000005,2018-04-07,0000000005,2018-04-11,K4,2018004,,0100000021,APJ,USD,48994.00,42869.78,6124.22,C,C,C
0500000451,0000000005,2019-10-13,0000000005,2019-10-15,K4,2019010,,0100000021,APJ,USD,2993.00,2618.84,374.09,C,C,C
0500000198,0000000005,2018-10-17,0000000005,2018-10-22,K4,2018010,,0100000023,APJ,USD,23429.00,20500.25,2928.58,C,C,C
0500000293,0000000008,2019-02-21,0000000008,2019-02-24,K4,2019002,,0100000035,EMEA,USD,51968.00,45472.04,6495.96,C,C,C
0500000452,0000000002,2019-10-13,0000000002,2019-10-15,K4,2019010,,0100000037,EMEA,USD,5390.00,4716.20,673.72,C,C,C
0500000066,0000000008,2018-04-10,0000000008,2018-04-12,K4,2018004,,0100000009,EMEA,USD,21988.00,19239.44,2748.52,C,C,C
0500000199,0000000001,2018-10-19,0000000001,2018-10-22,K4,2018010,,0100000003,AMER,USD,34090.00,29828.76,4261.20,C,C,C
0500000294,0000000008,2019-02-24,0000000008,2019-03-01,K4,2019002,,0100000008,EMEA,USD,52054.00,45547.10,6506.77,C,C,C
0500000453,0000000002,2019-10-13,0000000002,2019-10-14,K4,2019010,,0100000012,EMEA,USD,32841.00,28735.83,4105.08,C,C,C
0500000067,0000000011,2018-04-13,0000000011,2018-04-17,K4,2018004,,0100000003,AMER,USD,44804.00,39203.52,5600.48,C,C,C
0500000200,0000000005,2018-10-20,0000000005,2018-10-24,K4,2018010,,0100000018,APJ,USD,121398.00,106223.18,15174.72,C,C,C
0500000295,0000000006,2019-02-26,0000000006,2019-03-01,K4,2019002,,0100000012,EMEA,USD,117354.00,102684.77,14669.04,C,C,C
0500000454,0000000008,2019-10-16,0000000008,2019-10-17,K4,2019010,,0100000009,EMEA,USD,17439.00,15259.07,2179.88,C,C,C
0500000068,0000000004,2018-04-15,0000000004,2018-04-20,K4,2018004,,0100000016,APJ,USD,174121.00,152355.90,21764.97,C,C,C
0500000201,0000000004,2018-10-23,0000000004,2018-10-28,K4,2018010,,0100000019,APJ,USD,44071.00,38562.17,5508.73,C,C,C
0500000296,0000000002,2019-02-28,0000000002,2019-03-03,K4,2019002,,0100000013,EMEA,USD,16590.00,14516.23,2073.77,C,C,C
0500000455,0000000008,2019-10-17,0000000008,2019-10-18,K4,2019010,,0100000012,EMEA,USD,66140.00,57872.51,8267.49,C,C,C
0500000069,0000000008,2018-04-18,0000000008,2018-04-23,K4,2018004,,0100000026,EMEA,USD,41639.00,36434.10,5204.81,C,C,C
0500000202,0000000006,2018-10-26,0000000006,2018-10-31,K4,2018010,,0100000035,EMEA,USD,5955.00,5210.55,744.45,C,C,C
0500000297,0000000005,2019-03-02,0000000005,2019-03-05,K4,2019003,,0100000017,APJ,USD,54297.00,47509.87,6787.09,C,C,C
0500000456,0000000005,2019-10-19,0000000005,2019-10-22,K4,2019010,,0100000024,APJ,USD,52150.00,45631.29,6518.70,C,C,C
0500000203,0000000003,2018-10-27,0000000003,2018-11-01,K4,2018010,,0100000005,EMEA,USD,4593.00,4018.84,574.09,C,C,C
0500000070,0000000008,2018-04-20,0000000008,2018-04-22,K4,2018004,,0100000039,EMEA,USD,55752.00,48782.97,6968.94,C,C,C
0500000457,0000000004,2019-10-21,0000000004,2019-10-25,K4,2019010,,0100000024,APJ,USD,47777.00,41804.78,5972.10,C,C,C
0500000298,0000000008,2019-03-03,0000000008,2019-03-04,K4,2019003,,0100000027,EMEA,USD,11884.00,10398.40,1485.45,C,C,C
0500000204,0000000006,2018-10-30,0000000006,2018-11-01,K4,2018010,,0100000010,EMEA,USD,6694.00,5857.22,836.72,C,C,C
0500000071,0000000008,2018-04-22,0000000008,2018-04-23,K4,2018004,,0100000026,EMEA,USD,87715.00,76750.61,10964.22,C,C,C
0500000458,0000000004,2019-10-21,0000000004,2019-10-23,K4,2019010,,0100000021,APJ,USD,138144.00,120876.07,17267.90,C,C,C
0500000299,0000000001,2019-03-05,0000000001,2019-03-06,K4,2019003,,0100000031,AMER,USD,39992.00,34993.04,4998.96,C,C,C
0500000205,0000000003,2018-10-30,0000000003,2018-10-31,K4,2018010,,0100000009,EMEA,USD,53882.00,47146.79,6735.21,C,C,C
0500000072,0000000008,2018-04-22,0000000008,2018-04-24,K4,2018004,,0100000009,EMEA,USD,160071.00,140062.21,20008.76,C,C,C
0500000459,0000000005,2019-10-24,0000000005,2019-10-26,K4,2019010,,0100000016,APJ,USD,133651.00,116944.75,16706.17,C,C,C
0500000300,0000000002,2019-03-08,0000000002,2019-03-09,K4,2019003,,0100000028,EMEA,USD,117702.00,102989.22,14712.70,C,C,C
0500000206,0000000005,2018-10-30,0000000005,2018-11-02,K4,2018010,,0100000018,APJ,USD,4829.00,4225.32,603.64,C,C,C
0500000073,0000000009,2018-04-24,0000000009,2018-04-29,K4,2018004,,0100000001,AMER,USD,38040.00,33284.90,4755.06,C,C,C
0500000460,0000000002,2019-10-24,0000000002,2019-10-26,K4,2019010,,0100000026,EMEA,USD,124799.00,109199.13,15599.87,C,C,C
0500000301,0000000008,2019-03-11,0000000008,2019-03-16,K4,2019003,,0100000028,EMEA,USD,82521.00,72205.81,10315.01,C,C,C
0500000207,0000000004,2018-10-31,0000000004,2018-11-04,K4,2018010,,0100000015,APJ,USD,96580.00,84507.50,12072.43,C,C,C
0500000461,0000000006,2019-10-26,0000000006,2019-10-29,K4,2019010,,0100000012,EMEA,USD,77239.00,67584.13,9654.77,C,C,C
0500000074,0000000010,2018-04-27,0000000010,2018-04-30,K4,2018004,,0100000030,AMER,USD,73127.00,63986.17,9140.78,C,C,C
0500000208,0000000003,2018-11-01,0000000003,2018-11-06,K4,2018011,,0100000007,EMEA,USD,12441.00,10885.78,1555.03,C,C,C
0500000462,0000000003,2019-10-26,0000000003,2019-10-27,K4,2019010,,0100000012,EMEA,USD,74477.00,65167.47,9309.51,C,C,C
0500000209,0000000012,2018-11-03,0000000012,2018-11-07,K4,2018011,,0100000033,AMER,USD,47073.00,41188.89,5883.99,C,C,C
0500000463,0000000012,2019-10-26,0000000012,2019-10-27,K4,2019010,,0100000000,AMER,USD,689.00,602.87,86.12,C,C,C
0500000210,0000000004,2018-11-05,0000000004,2018-11-07,K4,2018011,,0100000022,APJ,USD,44392.00,38842.96,5549.04,C,C,C
0500000464,0000000014,2019-10-26,0000000014,2019-10-30,K4,2019010,,0100000031,AMER,USD,64314.00,56274.65,8039.24,C,C,C
0500000211,0000000004,2018-11-06,0000000004,2018-11-07,K4,2018011,,0100000017,APJ,USD,92959.00,81339.14,11619.74,C,C,C
0500000302,0000000010,2019-03-13,0000000010,2019-03-14,K4,2019003,,0100000004,AMER,USD,14310.00,12521.20,1788.72,C,C,C
0500000465,0000000011,2019-10-29,0000000011,2019-11-03,K4,2019010,,0100000031,AMER,USD,39986.00,34987.77,4998.18,C,C,C
0500000075,0000000012,2018-04-27,0000000012,2018-04-28,K4,2018004,,0100000030,AMER,USD,88500.00,77437.50,11062.50,C,C,C
0500000212,0000000004,2018-11-06,0000000004,2018-11-08,K4,2018011,,0100000017,APJ,USD,14994.00,13119.78,1874.22,C,C,C
0500000303,0000000003,2019-03-16,0000000003,2019-03-18,K4,2019003,,0100000005,EMEA,USD,17684.00,15473.42,2210.57,C,C,C
0500000466,0000000002,2019-10-31,0000000002,2019-11-04,K4,2019010,,0100000038,EMEA,USD,10998.00,9623.26,1374.74,C,C,C
0500000076,0000000010,2018-04-30,0000000010,2018-05-05,K4,2018004,,0100000001,AMER,USD,54808.00,47957.08,6850.92,C,C,C
0500000213,0000000005,2018-11-09,0000000005,2018-11-10,K4,2018011,,0100000024,APJ,USD,27594.00,24144.78,3449.22,C,C,C
0500000304,0000000006,2019-03-17,0000000006,2019-03-19,K4,2019003,,0100000028,EMEA,USD,80225.00,70196.85,10028.08,C,C,C
0500000467,0000000007,2019-10-31,0000000007,2019-11-02,K4,2019010,,0100000033,AMER,USD,75076.00,65691.51,9384.44,C,C,C
0500000077,0000000002,2018-05-02,0000000002,2018-05-05,K4,2018005,,0100000007,EMEA,USD,82636.00,72306.60,10329.40,C,C,C
0500000214,0000000011,2018-11-12,0000000011,2018-11-13,K4,2018011,,0100000031,AMER,USD,112203.00,98177.65,14025.25,C,C,C
0500000305,0000000002,2019-03-19,0000000002,2019-03-21,K4,2019003,,0100000029,EMEA,USD,45884.00,40148.53,5735.47,C,C,C
0500000468,0000000004,2019-10-31,0000000004,2019-11-04,K4,2019010,,0100000019,APJ,USD,57424.00,50245.93,7177.99,C,C,C
0500000078,0000000001,2018-05-02,0000000001,2018-05-05,K4,2018005,,0100000031,AMER,USD,44839.00,39234.18,5604.78,C,C,C
0500000215,0000000014,2018-11-13,0000000014,2018-11-15,K4,2018011,,0100000000,AMER,USD,51260.00,44852.46,6407.39,C,C,C
0500000469,0000000002,2019-10-31,0000000002,2019-11-05,K4,2019010,,0100000013,EMEA,USD,25818.00,22590.73,3227.13,C,C,C
0500000306,0000000004,2019-03-22,0000000004,2019-03-23,K4,2019003,,0100000021,APJ,USD,65116.00,56976.60,8139.40,C,C,C
0500000216,0000000004,2018-11-14,0000000004,2018-11-18,K4,2018011,,0100000021,APJ,USD,91307.00,79893.65,11413.26,C,C,C
0500000079,0000000001,2018-05-02,0000000001,2018-05-06,K4,2018005,,0100000002,AMER,USD,25109.00,21970.34,3138.53,C,C,C
0500000470,0000000006,2019-11-02,0000000006,2019-11-05,K4,2019011,,0100000013,EMEA,USD,93263.00,81605.00,11657.75,C,C,C
0500000307,0000000003,2019-03-23,0000000003,2019-03-24,K4,2019003,,0100000013,EMEA,USD,52932.00,46315.50,6616.50,C,C,C
0500000217,0000000004,2018-11-15,0000000004,2018-11-17,K4,2018011,,0100000021,APJ,USD,62473.00,54663.87,7808.99,C,C,C
0500000080,0000000006,2018-05-05,0000000006,2018-05-07,K4,2018005,,0100000011,EMEA,USD,89942.00,78699.30,11242.70,C,C,C
0500000218,0000000008,2018-11-16,0000000008,2018-11-18,K4,2018011,,0100000013,EMEA,USD,134481.00,117670.89,16809.96,C,C,C
0500000308,0000000013,2019-03-24,0000000013,2019-03-28,K4,2019003,,0100000030,AMER,USD,35928.00,31437.01,4490.99,C,C,C
0500000219,0000000008,2018-11-17,0000000008,2018-11-21,K4,2018011,,0100000006,EMEA,USD,72416.00,63364.12,9051.88,C,C,C
0500000081,0000000004,2018-05-07,0000000004,2018-05-10,K4,2018005,,0100000024,APJ,USD,58761.00,51415.78,7345.00,C,C,C
0500000220,0000000011,2018-11-20,0000000011,2018-11-23,K4,2018011,,0100000001,AMER,USD,2990.00,2616.20,373.80,C,C,C
0500000309,0000000013,2019-03-24,0000000013,2019-03-29,K4,2019003,,0100000030,AMER,USD,32193.00,28168.91,4024.09,C,C,C
0500000221,0000000004,2018-11-22,0000000004,2018-11-27,K4,2018011,,0100000021,APJ,USD,122229.00,106950.32,15278.59,C,C,C
0500000082,0000000002,2018-05-07,0000000002,2018-05-10,K4,2018005,,0100000012,EMEA,USD,70751.00,61907.16,8843.74,C,C,C
0500000222,0000000004,2018-11-22,0000000004,2018-11-25,K4,2018011,,0100000016,APJ,USD,1298.00,1135.74,162.24,C,C,C
0500000310,0000000005,2019-03-27,0000000005,2019-03-29,K4,2019003,,0100000022,APJ,USD,48545.00,42476.86,6068.06,C,C,C
0500000223,0000000010,2018-11-25,0000000010,2018-11-26,K4,2018011,,0100000034,AMER,USD,42155.00,36885.64,5269.24,C,C,C
0500000083,0000000006,2018-05-08,0000000006,2018-05-11,K4,2018005,,0100000029,EMEA,USD,7696.00,6733.98,961.98,C,C,C
0500000224,0000000009,2018-11-26,0000000009,2018-11-30,K4,2018011,,0100000033,AMER,USD,54132.00,47365.51,6766.42,C,C,C
0500000311,0000000004,2019-03-30,0000000004,2019-04-04,K4,2019003,,0100000023,APJ,USD,15593.00,13643.84,1949.09,C,C,C
0500000084,0000000004,2018-05-09,0000000004,2018-05-11,K4,2018005,,0100000016,APJ,USD,54736.00,47893.88,6842.01,C,C,C
0500000312,0000000011,2019-03-30,0000000011,2019-04-03,K4,2019003,,0100000001,AMER,USD,51190.00,44791.20,6398.80,C,C,C
0500000085,0000000003,2018-05-10,0000000003,2018-05-12,K4,2018005,,0100000009,EMEA,USD,23329.00,20412.75,2915.98,C,C,C
0500000334,0000000008,2019-05-01,0000000008,2019-05-04,K4,2019005,,0100000012,EMEA,USD,12347.00,10803.61,1543.39,C,C,C
0500000086,0000000011,2018-05-12,0000000011,2018-05-13,K4,2018005,,0100000002,AMER,USD,72984.00,63861.08,9122.92,C,C,C
0500000335,0000000005,2019-05-03,0000000005,2019-05-07,K4,2019005,,0100000018,APJ,USD,44921.00,39305.94,5615.06,C,C,C
0500000087,0000000006,2018-05-14,0000000006,2018-05-18,K4,2018005,,0100000011,EMEA,USD,102341.00,89548.38,12792.49,C,C,C
0500000336,0000000006,2019-05-05,0000000006,2019-05-07,K4,2019005,,0100000014,EMEA,USD,11454.00,10022.25,1431.73,C,C,C
0500000088,0000000011,2018-05-14,0000000011,2018-05-15,K4,2018005,,0100000001,AMER,USD,114461.00,100153.34,14307.47,C,C,C
0500000337,0000000002,2019-05-08,0000000002,2019-05-10,K4,2019005,,0100000035,EMEA,USD,2748.00,2404.50,343.49,C,C,C
0500000089,0000000012,2018-05-15,0000000012,2018-05-16,K4,2018005,,0100000033,AMER,USD,151031.00,132152.20,18878.77,C,C,C
0500000338,0000000008,2019-05-08,0000000008,2019-05-13,K4,2019005,,0100000013,EMEA,USD,107743.00,94275.11,13467.78,C,C,C
0500000090,0000000013,2018-05-16,0000000013,2018-05-17,K4,2018005,,0100000004,AMER,USD,180564.00,157993.68,22570.32,C,C,C
0500000339,0000000006,2019-05-11,0000000006,2019-05-12,K4,2019005,,0100000010,EMEA,USD,1596.00,1396.48,199.52,C,C,C
0500000091,0000000002,2018-05-17,0000000002,2018-05-21,K4,2018005,,0100000013,EMEA,USD,131563.00,115117.69,16445.30,C,C,C
0500000340,0000000007,2019-05-13,0000000007,2019-05-15,K4,2019005,,0100000032,AMER,USD,99187.00,86788.59,12398.39,C,C,C
0500000092,0000000005,2018-05-20,0000000005,2018-05-23,K4,2018005,,0100000022,APJ,USD,88696.00,77608.98,11086.88,C,C,C
0500000341,0000000008,2019-05-13,0000000008,2019-05-16,K4,2019005,,0100000011,EMEA,USD,25639.00,22434.07,3204.82,C,C,C
0500000093,0000000008,2018-05-22,0000000008,2018-05-26,K4,2018005,,0100000011,EMEA,USD,48720.00,42630.00,6089.91,C,C,C
0500000342,0000000008,2019-05-15,0000000008,2019-05-20,K4,2019005,,0100000009,EMEA,USD,2341.00,2048.36,292.64,C,C,C
0500000094,0000000014,2018-05-22,0000000014,2018-05-23,K4,2018005,,0100000032,AMER,USD,38267.00,33483.56,4783.21,C,C,C
0500000343,0000000003,2019-05-15,0000000003,2019-05-20,K4,2019005,,0100000026,EMEA,USD,117019.00,102391.68,14627.32,C,C,C
0500000095,0000000009,2018-05-22,0000000009,2018-05-25,K4,2018005,,0100000001,AMER,USD,18688.00,16351.99,2335.99,C,C,C
0500000344,0000000011,2019-05-17,0000000011,2019-05-22,K4,2019005,,0100000001,AMER,USD,40720.00,35629.99,5089.95,C,C,C
0500000096,0000000009,2018-05-23,0000000009,2018-05-24,K4,2018005,,0100000001,AMER,USD,21066.00,18432.74,2633.26,C,C,C
0500000345,0000000006,2019-05-20,0000000006,2019-05-21,K4,2019005,,0100000009,EMEA,USD,56695.00,49608.10,7086.90,C,C,C
0500000097,0000000001,2018-05-23,0000000001,2018-05-28,K4,2018005,,0100000033,AMER,USD,5499.00,4811.63,687.37,C,C,C
0500000346,0000000012,2019-05-22,0000000012,2019-05-25,K4,2019005,,0100000004,AMER,USD,63044.00,55163.48,7880.52,C,C,C
0500000098,0000000004,2018-05-24,0000000004,2018-05-29,K4,2018005,,0100000015,APJ,USD,75862.00,66379.21,9482.70,C,C,C
0500000347,0000000003,2019-05-22,0000000003,2019-05-26,K4,2019005,,0100000036,EMEA,USD,46671.00,40837.17,5833.73,C,C,C
0500000099,0000000007,2018-05-25,0000000007,2018-05-29,K4,2018005,,0100000034,AMER,USD,2400.00,2100.00,300.00,C,C,C
0500000348,0000000005,2019-05-22,0000000005,2019-05-24,K4,2019005,,0100000021,APJ,USD,6538.00,5720.68,817.32,C,C,C
0500000100,0000000006,2018-05-27,0000000006,2018-05-28,K4,2018005,,0100000025,EMEA,USD,53865.00,47131.83,6733.15,C,C,C
0500000349,0000000008,2019-05-22,0000000008,2019-05-26,K4,2019005,,0100000038,EMEA,USD,101921.00,89180.91,12740.03,C,C,C
0500000101,0000000003,2018-05-30,0000000003,2018-06-03,K4,2018005,,0100000007,EMEA,USD,1137.00,994.86,142.14,C,C,C
0500000350,0000000006,2019-05-25,0000000006,2019-05-29,K4,2019005,,0100000038,EMEA,USD,51844.00,45363.47,6480.35,C,C,C
0500000102,0000000003,2018-05-30,0000000003,2018-05-31,K4,2018005,,0100000029,EMEA,USD,6000.00,5250.00,750.00,C,C,C
0500000351,0000000008,2019-05-27,0000000008,2019-05-29,K4,2019005,,0100000027,EMEA,USD,61852.00,54120.51,7731.41,C,C,C
0500000103,0000000005,2018-06-02,0000000005,2018-06-05,K4,2018006,,0100000019,APJ,USD,90882.00,79521.78,11360.16,C,C,C
0500000352,0000000004,2019-05-28,0000000004,2019-05-31,K4,2019005,,0100000015,APJ,USD,65173.00,57026.34,8146.55,C,C,C
0500000104,0000000003,2018-06-05,0000000003,2018-06-07,K4,2018006,,0100000008,EMEA,USD,82176.00,71904.08,10271.84,C,C,C
0500000353,0000000005,2019-05-30,0000000005,2019-06-04,K4,2019005,,0100000017,APJ,USD,159075.00,139190.55,19884.34,C,C,C
0500000105,0000000014,2018-06-08,0000000014,2018-06-09,K4,2018006,,0100000002,AMER,USD,19608.00,17156.86,2450.96,C,C,C
0500000354,0000000006,2019-05-30,0000000006,2019-06-01,K4,2019005,,0100000005,EMEA,USD,92620.00,81042.58,11577.35,C,C,C
0500000106,0000000004,2018-06-09,0000000004,2018-06-11,K4,2018006,,0100000017,APJ,USD,21652.00,18945.51,2706.49,C,C,C
0500000355,0000000006,2019-06-02,0000000006,2019-06-04,K4,2019006,,0100000029,EMEA,USD,36225.00,31696.79,4528.07,C,C,C
0500000107,0000000006,2018-06-09,0000000006,2018-06-10,K4,2018006,,0100000010,EMEA,USD,21873.00,19138.86,2734.12,C,C,C
0500000356,0000000002,2019-06-03,0000000002,2019-06-08,K4,2019006,,0100000007,EMEA,USD,91729.00,80262.96,11466.00,C,C,C
0500000108,0000000011,2018-06-10,0000000011,2018-06-13,K4,2018006,,0100000034,AMER,USD,42385.00,37086.95,5298.05,C,C,C
0500000357,0000000002,2019-06-04,0000000002,2019-06-05,K4,2019006,,0100000039,EMEA,USD,43205.00,37804.33,5400.67,C,C,C
0500000109,0000000008,2018-06-10,0000000008,2018-06-15,K4,2018006,,0100000012,EMEA,USD,24995.00,21870.65,3124.35,C,C,C
0500000358,0000000004,2019-06-06,0000000004,2019-06-09,K4,2019006,,0100000016,APJ,USD,5768.00,5046.96,720.96,C,C,C
0500000110,0000000008,2018-06-12,0000000008,2018-06-13,K4,2018006,,0100000010,EMEA,USD,57576.00,50379.02,7196.97,C,C,C
0500000359,0000000006,2019-06-06,0000000006,2019-06-10,K4,2019006,,0100000036,EMEA,USD,6198.00,5423.26,774.74,C,C,C